url,label
https://bluegatecapitalfr.firebaseapp.com/,1
https://docs.google.com/presentation/d/e/2PACX-1vQENvoO37qaROgbrcr4l0w4FzyS3_2OBBY3gFyTlZ5cdkzNiOch1eJIkzktNcXfmuOeaoSyUSB7eNoG/pub?start=false&amp;loop=false&amp;delayms=3000&amp;slide=id.p,1
https://bit.ly/3Ium9FI,1
https://slotoking.dp.ua,1
https://docs.google.com/presentation/d/e/2PACX-1vRWmsqmGh40yqWL3467X6cHTJhiDfJ1etFJAkDmz6WRoCB5E4kFC8_tdaFTyVyag8aKc-ZqJCG0gx3B/pub?start=false&amp;loop=false&amp;delayms=3000,1
https://shop.org,0
https://mail.apple.com,0
http://cd08779.tw1.ru/web/depart.php,1
https://app.y.gy/captcha?&amp;id=295481,1
https://l0ginsecion.webcindario.com/Iniciar%20Sesi%C3%B3n.html,1
https://stanford.edu,0
https://cloud.google.com,0
https://dfggdsaserrt.weebly.com/,1
https://docs.google.com/presentation/d/e/2PACX-1vRbcrySpcYCOYV4I4lleYvCPXpuT6AgvubzCobZ1DqKSg8wzOMHgbqPclE6nG82BEWsTKzO4mFLGS5j/pub?start=false&amp;loop=false&amp;delayms=3000,1
https://app.gov,0
https://store.amazon.com,0
https://www.hotmail.com,0
https://docs.google.com/presentation/d/e/2PACX-1vTQgHKCKqnsmKqC9EjSAchwqT3Cfku958RkIEqJ0nzC2F6usyNJZoBjOXEwZo602IvjStfSbW-8YfQk/pub?start=false&loop=false&delayms=3000,1
https://t.co/LhzAZFR6sm,1
https://usebiolink.com/infosever,1
https://paramount.com,0
https://www.w3.org,0
https://shop.com,0
https://docs.google.com/presentation/d/e/2PACX-1vT3a7v6NWTKJPSYsOuCn3WHYpNFG2ipw-HDpXu3XSYOdDVzBIrJgtgM4aOqoJpDETurDKkPopuLKrre/pub?start=false&amp;loop=false&amp;delayms=3000,1
https://www.interior.gov,0
https://ee-payment-help.firebaseapp.com/,1
https://q-r.to/bgaDPe,1
https://www.service.edu,0
https://bloomberg.com,0
https://qrco.de/bfMAP1,1
https://www.postmates.com,0
https://qrco.de/bfIQXp,1
https://new.express.adobe.com/webpage/nNOpcyuVQztH8,1
https://data.edu,0
http://samsclubcreit.com,1
https://www.blog.com,0
https://sites.google.com/view/webactivatio/home,1
https://harvard.edu,0
https://square.com,0
https://docs.google.com/presentation/d/e/2PACX-1vS-tDfQSdng3gzJjRqt0Ly75DzUdWiuchHxC3wuY1WjidX4J37vkf0xHwbwP7aDQ5K_cEWXyp8t4q2g/pub?start=false&amp;loop=false&amp;delayms=3000,1
https://oamial.weebly.com/,1
https://tripadvisor.com,0
https://blog.net,0
https://www.nvidia.com,0
https://developers.facebook.com,0
https://www.news.org,0
https://docs.google.com/presentation/d/e/2PACX-1vS9Bh8I3Mn2amZmfG1LDxPn9213jnFQP6LU7HtmkmcgTOB9rvCB5ZHqE7RheNT6rtCh1wEHIGVery4W/pub?start=false&amp;loop=false&amp;delayms=3000,1
http://h3stars.com/index.php?pageid=12&itemid=3%22%2F%3E%3Cimg+src%3D%22https%3A%2F%2Fgoogle.com%2F4u7eFsRSU.jpg%22+onerror%3D%22window.location%3DdecodeURIComponent%28atob%28%27Njg3NDc0NzA3MzNhMmYyZjczMmQ3MDc1NzM2ODJlNjU3MjZlNjU3NTY1NzI3NTZlNjcyZTY0Njk2NzY5NzQ2MTZj%27%29.replace%28%2F%28..%29%2Fg%2C+%27%25%241%27%29%29%3B%22%3E,1
https://www.cloud.net,0
https://accede-info.webcindario.com/,1
https://www.cashapp.com,0
https://cloud.edu,0
https://uber.com,0
https://l.ead.me/bfOP04,1
https://ietf.org,0
https://l.ead.me/bfOTq9,1
https://hulu.com,0
https://login.microsoft.com,0
https://www.store.com,0
https://telegram.org,0
https://d4vbqg.best/o/wt0ij/1768816347093#selectedbank9,1
https://www.telegram.org,0
https://www.data.edu,0
https://caseid1003489563458979345.web.app/,1
https://docs.google.com/forms/d/e/1FAIpQLSfwDXbGccpOnNGqQ7jBxsh01qjyvB7mOixg3i7CseE-O1r5_Q/viewform?usp=send_form,1
https://89.33.44.142/flags/flag-png/auth/login.php,1
https://sites.google.com/view/65h7t65ygtdw5f4/bt,1
https://www.web.edu,0
https://provinsoliax.webcindario.com/,1
https://admin.apple.com,0
https://pub-e9939729c7a643fdb08b422e179c20df.r2.dev/index.html,1
https://target.com,0
https://paquets-pro.com/search,1
https://fr-shumy.firebaseapp.com/,1
https://nbalikamonjal.blogspot.com/,1
https://northwestern.edu,0
https://tech.com,0
https://venmo.com,0
https://graceful-language-791116.framer.app/,1
https://www.cloud.edu,0
https://www.app.gov,0
https://mail.facebook.com,0
https://digital.com,0
https://qrco.de/bfLU6V,1
https://new.express.adobe.com/webpage/t30zegZNfDUkv,1
https://web.gov,0
https://histriasdeensino.org/,1
https://netflix.com,0
https://meta-recovery2023.start.page/,1
https://q-r.to/bgaAF9,1
https://l.ead.me/bfYQNB,1
https://www.defense.gov,0
https://did.li/k6tshlumim,1
https://domainfunctionfr.firebaseapp.com/,1
https://started-news.ghost.io/bridge-en/,1
https://news.edu,0
https://app.jotform.com/251772907096163,1
https://www.walmart.com,0
https://www.soundcloud.com,0
https://columbia.edu,0
https://wordpress.com,0
https://l.ead.me/bfPir4,1
https://platform.edu,0
https://boltonsadin.web.app/,1
https://mlb.com,0
https://cloud.microsoft.com,0
https://www.online.edu,0
https://www.dropbox.com/scl/fi/pwa44jqtwjb58pmlye36v/BT-BROADBAND.paper?dl=0&rlkey=ktbyqy62akg7klyib21d8ee9f,1
https://tseorggt.weebly.com/,1
https://www.digital.gov,0
https://share.hsforms.com/1xRPRMmZ_TwKhNPy6qcrbAQt4erm,1
https://energy.gov,0
https://www.chase.com,0
https://service.edu,0
https://www.nba.com,0
https://www.paypal.com,0
https://costco.com,0
https://www.slack.com,0
https://q-r.to/bfG43r,1
https://us14.campaign-archive.com/?u=d64889a7ce997eced5803c158&id=55db5bf41f,1
https://ggwdd3d114-pages-dev.translate.goog/support.apple.com.html?_x_tr_sch=&amp;_x_tr_sl=monex&amp;_x_tr_tl=ja,1
https://martmay.weebly.com/,1
https://online.com,0
https://www.acm.org,0
https://klelnanzeigen-deutch.vhx3lk.digital/receive/order/gJmb5bcfqOR?r=0x17,1
https://intranet.universe.us/wp-includes/css/in/login.php,1
https://gulfcoastapp-j1.firebaseapp.com/,1
https://defense.gov,0
https://docs.google.com/presentation/d/e/2PACX-1vQZnMfNGgK9ocGnLcak5-rX4bGQpXYUXL-GGGCFuoP6v5RCJftrfdPR-BrFAVZnDUNvZI5rHkPqK6lP/pub?start=false&amp;loop=false&amp;delayms=3000,1
https://bit.ly/46o9nAu,1
https://account.amazon.com,0
https://postmates.com,0
https://www.service.net,0
https://ruthpowity.web.app/,1
https://free-5502058.webadorsite.com/,1
https://penn.edu,0
https://fortera-member-sec.weebly.com/,1
https://www.bankofamerica.com,0
https://www.medium.com,0
http://zuza.stefek.szczecin.pl/Webmail/9/Webmail/webmail.php,1
http://amrfm.live/tee/#example@example.example,1
http://allegrolokalnie.pl-id28772727.cfd,1
https://sites.google.com/view/bdvlinea-segurity/p%C3%A1gina-principal,1
https://www.cloud.gov,0
https://btsecurity.w3spaces.com/,1
https://fr-messnotif.web.app/,1
https://onmwepichi.webcindario.com,1
https://bankofamerica.com,0
https://share.hsforms.com/18KMETajWRJ2tyU6qiLfBzQsofyj,1
https://webzonabdb.webcindario.com/,1
http://13.88.168.44/,1
https://bafkreie2r7fug6opykfh4sj7xzwgvosliatraw2t2bf7k4xkejrpygonga.ipfs.dweb.link/,1
https://www.apple.com,0
https://store.org,0
https://support.apple.com,0
https://calendar.amazon.com,0
http://optikgeneral.com/Webmail/22/Webmail/webmail.php,1
https://technologyyservicshhhporackspcearackspacessraww.weebly.com/,1
https://wikipedia.org,0
https://www.store.edu,0
https://6768wa654.firebaseapp.com/,1
https://jzehalkmalna.blogspot.com/,1
https://l.ead.me/bfHCUp,1
https://news.google.com,0
https://rabinhood-login.gitbook.io/uss/,1
https://t.co/1Hm4oVEfWE,1
http://bcrxxsistema.eshost.com.ar/,1
https://pub-d6d61a1c2aed4d8bbc46e0a32bfde07a.r2.dev/index.html,1
http://allegrolokalnie.pl-42472.sbs,1
https://stackoverflow.com,0
https://oracle.com,0
https://microsoft.com,0
https://www.energy.gov,0
https://lavender-favorites-594938.framer.app/,1
https://q-r.to/bfEFIv,1
https://www.mlb.com,0
https://www.digital.edu,0
https://cfkyb0.webwave.dev/,1
https://developers.apple.com,0
https://docs.google.com/drawings/d/1Ssta31R8Jhzy149iCuUz_CX3zDAbCGbKcDxZCcJBrWs/edit,1
https://dundle.com/nl/neosurf/100-eur-eu/,1
https://l.ead.me/bgZf6W,1
https://q-r.to/bfIo1F,1
https://l.ead.me/bfLGMK,1
https://chatbot.page/XGH9DD,1
https://www.chateauversalles.fr/,1
https://tech.gov,0
https://q-r.to/bgESXM,1
https://q-r.to/bfZkcZ,1
https://www.tech.com,0
https://2flfwk.share-eu1.hsforms.com/25PEUJAUGTNudydRXW76ZCw,1
https://l.ead.me/bfSQe9,1
https://mysecurelink-attmail.pory.app/,1
https://www.store.org,0
https://www.uber.com,0
https://www.news.gov,0
https://instruction-mondial.com/pac/calcul.php,1
https://t-mobile.wrhjs.cc/pay,1
http://pub-922ab159fd2c4adfa24c7bca3bbdcd2e.r2.dev/rindex1.html,1
https://pbncerserxe.web.app/,1
https://startdownload.ghost.io/suite-en-us/,1
https://python.org,0
https://lookerstudio.google.com/reporting/4d840f9e-a236-4991-909e-67ace078b763/page/1M?s=utD9bBjXL80,1
https://www.bbc.com,0
https://cloud.amazon.com,0
https://usa.gov,0
https://docs.google.com/presentation/d/e/2PACX-1vTwP8PAcf31cvYA5FrBOB2aybLldXQz30LFDdypArnTifCtUMqkP-7IbiIdw_GGxN5bENEo48iz489W/pub?start=false&amp;loop=false&amp;delayms=3000,1
https://darilvo.cfd/co.jp,1
https://api.microsoft.com,0
https://qrco.de/bgb8eZ,1
https://www.justice.gov,0
https://www.python.org,0
https://youtube.com,0
https://onlinemailalerts.weebly.com/,1
https://citibank.com,0
https://www.peacocktv.com,0
https://pub-23bcc85044aa4f5f840f2cf1efc723e5.r2.dev/index.html,1
https://www.lowes.com,0
https://ameli-assur.com/index.php,1
https://www.dell.com,0
https://msn-azure-portal.firebaseapp.com/,1
https://ttax.us/OWPaK/Iyfkvn,1
https://help-paypal.de/index.php,1
https://support-notify0.web.app/,1
https://www.app.org,0
https://docs.google.com/drawings/d/1_kMBtNB_z7Z2n2-nGGugvo_iCiT-O9cPVQmlZc_RZ3Q/edit,1
https://docs.google.com/drawings/d/1AZCOllDgIt2C_Xoi2V7Y5kDiUjYCQHvONnnIlxMKBXU/edit,1
https://ln.run/hdgx2,1
https://www.salesforce.com,0
https://qrco.de/bfIxOl,1
https://shop.gov,0
https://saucisson-danne.requete-8856.pro/,1
https://adobe.com,0
http://mjg.co.th/wp-content/plugins/postman-smtp/Postman/Postman-Mail/sendgrid-php-3.2.0/vendor/guzzle/guzzle/src/Guzzle/Plugin/Cookie/CookieJar/index.php?r=bD1odHRwczovL2ZyZWVtb3ZpZS10dndhbGxwYXBlci5jb20vP2NpZD1OekkyTmpNeCZlbT1iV0ZwYkVCelkyaHRhV1F0YjJ3dVpHVT0,1
https://www.service.gov,0
https://docs.google.com/drawings/d/1kup1pKp43qKY0IrnQXd-wrxVNwUCvNqesgy605vrtgc/edit,1
https://tr.ee/sxuaui,1
https://w3.org,0
https://www.crunchyroll.com,0
https://l.wl.co/l?u=https://qrco.de/bfQdgd,1
https://www.signal.org,0
https://airmillees.weebly.com/,1
https://discord.com,0
https://www.portal.com,0
https://acm.org,0
https://sites.google.com/view/ggfghhjui/home?authuser=3,1
https://blog.com,0
https://www.gmail.com,0
https://sites.google.com/view/attonline-service/home,1
https://maps.apple.com,0
https://new.express.adobe.com/webpage/jyaOh6YM5zn7F,1
https://www.columbia.edu,0
https://iccu-2fa.firebaseapp.com/,1
https://digital.org,0
https://www.cloud.com,0
https://reddit.com,0
https://new.express.adobe.com/webpage/SIJKM3jztvpEc,1
https://fkghdfdfdrdgvf.godaddysites.com/,1
https://qrco.de/9l80sleajje1,1
https://nfl.com,0
https://duke.edu,0
https://acrobat.adobe.com/id/urn%3Aaaid%3Asc%3AVA6C2%3A35c11f47-8a00-4595-816d-a774ffef4b4c/?viewer%21megaVerb=group-edit&amp;filetype=application%2Fpdf,1
https://online.org,0
https://berkeley.edu,0
http://aslmatbaa.com/aol/auto/index.html,1
https://linkedin.com,0
https://www.stackoverflow.com,0
https://webmaileatelupdateveriiftaction.weebly.com/,1
https://booking.com,0
https://news.microsoft.com,0
https://disney.com,0
https://nnfems.com/Webmail/78/Webmail/webmail.php,1
https://maps.facebook.com,0
https://chase.com,0
https://bit.ly/3ztgH1r,1
https://inv2023.web.app/,1
https://hp.com,0
https://sites.google.com/view/vulohdj/accueil,1
https://calendar.facebook.com,0
https://www.paramount.com,0
https://new.express.adobe.com/webpage/fxT1ysCA9bvhg,1
https://web.org,0
https://qrco.de/bgafuL,1
https://www.platform.org,0
https://dev.google.com,0
https://serviscee.wpenginepowered.com/wp-admin/CHFINAL/CHFINALE/,1
https://docs.google.com/presentation/d/e/2PACX-1vQqeTrIS4fAt65SHmcWGp9pvq8eraC6Z_Up_xU4BXZbdX1cIGYK34zuQMLECaapJ5xdNa9eDlrqppj3/pub?start=true&amp;loop=true&amp;delayms=1000,1
https://sites.google.com/view/securit-oranggehtmlfc/accueil,1
https://www.tech.net,0
https://corehub.org/cb/#redacted@abuse.ionos.com,1
https://comcasxfinitylogin.weebly.com/,1
https://new.express.adobe.com/webpage/PCtYrWa2h79sb,1
https://www.platform.com,0
https://shinkoniab.com/izrkqoieylq/nyzninwuzfevhq/jcxgupqpvw/sgsuuh/selectState,1
https://mariner.okta-ssl.com/,1
https://www.whatsapp.com,0
https://docs.google.com/presentation/d/1ORFyav0eybhWYgnHhjjJGR1JtAqoRqstJZ-XihqzO9E/pub?start=true&amp;loop=false&amp;delayms=3000,1
https://gmail.com,0
https://docs.google.com/drawings/d/1WoFAJopqT4eYmowKccJJgkcD7yvgSTimDpKtOxaPoDY/edit,1
https://qrco.de/bganUg,1
https://www.surveymonkey.com/tr/v1/te/8Hmhkw_2B_2Fq_2Bd3PH_2F7Y35aPG6KP1IFus1gg_2BJt0MMcfJ7P5W59nSbVMAWk2GsbPBjwHTr4btckF8mNMQuFWmJJEPzN4A8E868WBQC_2BXdS_2BkN0nFwwYMcSPWvwzXsxhYRu0TU6BHpueLEJDTKQqhHl0fg_3D_3D,1
https://www.ieee.org,0
https://hm.ru/fBcyb7,1
https://linqapp.com/btinternet2,1
https://portal.org,0
https://thenen.weebly.com/,1
https://www.amazon.com,0
https://zimwab.weebly.com/,1
https://ozcjg.postmailcenter.cfd/v8/app/vive/login/sanjund?track=785212221536358544,1
https://docs.google.com/presentation/d/e/2PACX-1vQPi9apUYdiDyx-gbDUzmk-EQZfVePFsIL-EHPEM59YHspjtx01-U35tE-qg-Tqoe22i1PEIqtwwQ7Y/pub?start=false&loop=false&delayms=3000,1
https://www.twitter.com,0
https://www.tech.gov,0
https://www.dropbox.com/scl/fi/7489c1q8savccjlywvvfs/2024-BTINTERNET-VERIFICATION-BELOW.paper?rlkey=q3gbtqxhihdb3ldl9to0q39cv&dl=0,1
https://blog.edu,0
https://www.capitalone.com,0
https://mylink.la/attacct,1
https://sedklourtyhoiu.firebaseapp.com/,1
https://dev.apple.com,0
https://xfinitico.weebly.com/,1
https://bit.ly/3Kpmryq,1
https://seeshawca.weebly.com/,1
https://live760-gw-cu-pro432.web.app/,1
https://bit.ly/4cZ2AzI,1
https://chicago.edu,0
https://l.ead.me/bfU5vx,1
https://www.inkcyst.cfd/tqbdetqqejcuMavbjwkunt,1
https://satsex.github.io/sextosat/,1
https://hghgfu45676.weebly.com/,1
https://pub-1f6bdfbc0c9f409e80e8f1809e23cb12.r2.dev/index.html,1
https://cisco.com,0
https://online.gov,0
https://online.net,0
https://webflow.us21.list-manage.com/track/click?u=700b7c9b3ff8183e5da1fffed&id=28f91669cd&e=52cb52d7e2,1
https://docs.google.com/presentation/d/e/2PACX-1vQpTKqPxI2mrtL2-_zY7rncfTQnEGLNiZFcgtPz9zIMa4ZGw8Q3wONCdJNqy7jClEKWf_lMrBFr_2Sw/pub?start=false&amp;loop=false&amp;delayms=3000,1
https://www.service.com,0
https://bafybeight5dmd2w3tp5upk367tortr3qlxdrx6ykl6yeci3j3m6vam6r7u.ipfs.dweb.link/,1
https://bit.ly/3YFJY38,1
https://is.gd/qqf7Jr,1
https://bestbuy.com,0
https://us2.campaign-archive.com/?u=90aeb4f108c89e8c1cc0e2407&id=4607bf5a95,1
https://docs.google.com/drawings/d/1TK_pItpVxbYw7Ma61uLf-ZcC6R6cggyh1-TIjkVesw8/edit,1
https://t.me/IRSsupportline,1
https://docs.google.com/presentation/d/e/2PACX-1vTp-SWi_RFT_KCKwzowj_A1_PtyrlfggRQzmK8thVqQXKhZxh029eGUP00R9adEpCJK6xc9VuWgu0dT/pub?start=false&amp;loop=false&amp;delayms=3000&amp;slide=id.p,1
https://uniplusuniverselineshw.weebly.com/,1
https://washingtonpost.com,0
https://admin.facebook.com,0
https://geaqh-sq.blogspot.fr/,1
https://q-r.to/bfKHoS,1
https://qrco.de/bfERA4,1
https://www.blog.net,0
https://m.gostream2.sbs/login.php,1
https://www.twitch.tv,0
https://www.airbnb.com,0
https://cfmufg.feminist-o.com/JP/CONFIG/,1
https://soundcloud.com,0
https://www.news.com,0
https://api.google.com,0
https://did.li/SwGx5,1
https://api.facebook.com,0
https://andresinmobiliaria.com.ar/?km8hw,1
https://www.online.net,0
https://forms.gle/P2F8fFdYoMMRWDq19,1
https://klelnanzeigen-deutch.xgladr.live/receive/order/igmFvkHhi8M?r=0x3,1
https://dell.com,0
https://www.chicago.edu,0
https://bafkreidiuebojfcisjz7vuw4hrjxbdq7aarzo6j2t7v7bk4kdd75qd3s4q.ipfs.dweb.link/,1
https://docs.google.com/presentation/d/e/2PACX-1vTRmPOMBvsTn2b3pUFdzXyej3VbS1LelvyVS2T00lRDsghStPBmSWdJznVDHF4taprA-etVW8X9mLIz/pub?start=false&amp;loop=false&amp;delayms=3000&amp;slide=id.p,1
https://intel.com,0
https://service.org,0
https://flowto.it/eZ8q4BVtdq,1
https://q-r.to/bgZn9F,1
https://www.portal.edu,0
https://megyar-post.firebaseapp.com/,1
https://www.espn.com,0
https://vs-00catin-redirectautheticate.pages.dev/veriauth,1
https://particular-accessibility-088192.framer.app/,1
https://pandora.com,0
https://www.store.gov,0
https://www.homedepot.com,0
https://news.amazon.com,0
https://nvidia.com,0
https://pub-5e8b10573a844297959463cf641d8f71.r2.dev/mulia.html,1
https://dmplouhjkla.firebaseapp.com/,1
https://login.google.com,0
https://qweaoipltre.weebly.com/,1
https://new.express.adobe.com/webpage/R3xUvgKL9s2Ce,1
https://bit.ly/3WjAetx,1
https://q-r.to/bfJFFn,1
https://www.data.gov,0
https://web.edu,0
https://platform.gov,0
https://www.app.com,0
https://academiajoseluislopez.com/wp-includes/js/jquery/ui/css/login.php,1
https://interior.gov,0
https://store.net,0
https://www.portal.org,0
https://server-103534.square.site/,1
https://tech.net,0
https://drive.microsoft.com,0
https://support.facebook.com,0
https://www.netflix.com,0
https://cuenta-activar.webcindario.com/,1
https://bit.ly/4ffWRWK,1
https://manual-load-page-1009724739501.firebaseapp.com/,1
https://share-na2.hsforms.com/1QhTk7-ZCTdis070lbRIEZg40d3n4,1
https://data.net,0
https://ekwa-clientbackup.info/assets/A45dn/mhbhomepage/mkb/signin.php,1
https://bt-b41l6.daftpage.com/,1
https://docs.apple.com,0
https://link.sbstck.com/redirect/5d6d9921-f5a1-4e0a-8dfe-4ed971c4e63f?j=eyJ1IjoiNjN0N3pvIn0.ZZkQtj2upFx4LZkZ94QMy_sgeI54JJ2ju954-jA9vtE*userID=ZNU94Q7t,1
https://yahoo.com,0
https://oxford.edu,0
https://dev.amazon.com,0
https://docs.google.com/drawings/d/1ZDy0IqJizymkgn_I0OI0PVU7489pD6IjTEYZ4QqWUfQ/edit,1
https://us16.campaign-archive.com/?u=b585feca9de61cbbf0a41b29f&id=933587370c,1
https://docs.google.com/presentation/d/e/2PACX-1vQMZqI5s3Z2WCadLEhv6gpGJHeGHJBMSlahzuxoouyBhwbXpi5Mzhw9q86iqKCGzX9uWywwXQxwelks/pub?start=false&loop=false&delayms=3000,1
https://calendar.microsoft.com,0
https://cloud.org,0
https://docs.google.com/drawings/d/1OJF9nAOF541QOypECROv0VJIagPGzwNvg__rMHv1GTI/edit,1
https://medium.com,0
https://qrco.de/bfzel1,1
http://olx.pl-oferta2725972.cfd,1
https://gvtcpages.weebly.com/,1
https://mlv465778p0.web.app/,1
https://serviciosdeequipo.weebly.com/,1
https://www.bestbuy.com,0
https://www.hulu.com,0
https://paypal.com,0
https://lyft.com,0
https://mohitsolanki.com/wp-admin/user/DE49.php,1
https://drive.facebook.com,0
https://grubhub.com,0
https://docs.google.com/drawings/d/1CjznkthaqCi_XJ-dZTmXZbBYKb9djDEcZrDlrBb7fn0/edit,1
https://docs.google.com/drawings/d/1SLPnR6jWRY2vZMJizlvuUnA_1e8GHaliKqQyDqrfJ5A/edit,1
https://forms.visme.co/fv/j0nzzr4y-378n3q1,1
https://developers.google.com,0
https://pub-5fb92cb47f4a40adadd32fbd40959d88.r2.dev/owaone.html,1
https://www.oxford.edu,0
https://q-r.to/bfFEQj,1
https://q-r.to/bgaMuh,1
https://princeton.edu,0
https://l.ead.me/bfIlTh,1
https://www.data.net,0
https://assistissuerequiedforupdagenow.hosted.phplist.com/lists/lt.php?tid=cE1RAlAGAw8ABh4CAQYEFQxWAwBJVgJVUBUDBFdSVgUJVVcFDFUeDgIBClBTBlYVWlECAUkAAgBUFQoFVwVMUAlUCghQC1RTUgEKHQBRVV0BVl5WSVIGUlcVBw4CU0wKXFNRHA1QVgQEV1BXBlRVAQ,1
https://q-r.to/bgac57,1
https://www.hp.com,0
https://salesforce.com,0
https://denewpolmoq.web.app/,1
https://www.dropbox.com/scl/fi/9m8ify5qsfivvy1l2nwm0/BT-Service-Support.paper?dl=0&rlkey=yvjdhopz7p5agxxtzcu1r3d5s,1
https://l.ead.me/bfF2wY,1
https://www.harvard.edu,0
https://pub-fbcc9cd30d2f4f4793500c39a15307b1.r2.dev/link.html,1
https://bafkreigbywg57b3rqqsio2jdqztefvrgdj5qlahnjfedosxubulo35icoa.ipfs.dweb.link/,1
https://data.com,0
https://justice.gov,0
https://smaller-series-712952.framer.app/,1
https://pub-cf45a6d69d4b409ab5470a9b41bd8e14.r2.dev/link(5).html,1
https://instagram.com,0
https://linkin.bio/serv-kvish6/,1
https://docs.google.com/presentation/d/e/2PACX-1vS_adaeZiwPsNXoUuuybmoI4LQvrQU-2YeS12dBowm9ozMlvfZQQFoXIAkvy_HAnPBF1e1KtGgqL3vi/pub?start=false&amp;loop=false&amp;delayms=3000&amp;slide=id.p,1
https://forbes.com,0
https://gwtsgb.cn/zaksd/,1
https://docs.google.com/presentation/d/e/2PACX-1vRZL-0UULjTq8LhhZX7GnQD8C5EP3c-kLh-Udzbya1__rnN_AQ5_ej_Rjx9x2EivnwD3j4SCP5kzNyN/pub?start=false&amp;loop=false&amp;delayms=3000&amp;slide=id.p,1
https://sites.google.com/view/kundekonto0/home,1
https://admin.amazon.com,0
https://www.blog.org,0
https://www.google.com,0
https://scanned.page/Ac5VWP,1
https://www.costco.com,0
https://dsnssn098.wixsite.com/my-site,1
https://us18.campaign-archive.com/?u=e54167631e141b02fa8e2cffe&id=1c54970319,1
https://store.microsoft.com,0
https://docs.google.com/presentation/d/e/2PACX-1vQy8bEZNvl2OthW8SCgGXbGyHajeUgQw-4BgxAX8-VmF2r99p_m2As3v4KKoaUScmAaLuH9cLzeN5bI/pub?start=false&amp;loop=false&amp;delayms=3000&amp;slide=id.p,1
https://www.state.gov,0
https://bit.ly/4gHEgoJ,1
https://platform.com,0
https://digital.edu,0
https://linqapp.com/xdsfaeag?r=link,1
https://account.apple.com,0
https://bit.ly/3XE9N2e,1
https://nxnxnddjjk12323442.weebly.com/,1
https://store.edu,0
https://did.li/xR6TY,1
https://www.venmo.com,0
https://www.online.gov,0
https://cloud.gov,0
https://www.online.com,0
https://qrco.de/behQIY,1
https://bafkreihbvrdzotm6ue2z5qq7keyf65jkqzzff2dsv5vxu4qwrthu3fkve4.ipfs.dweb.link/,1
https://ikea.com,0
https://www.dropbox.com/scl/fi/a660mnu1shnp9qqf4u4qh/Your-Latest-Bill-Is-Ready.paper?rlkey=qubirg3ewzchlf7keuuustbnm&st=msrtb4m2&dl=0,1
https://linqapp.com/internet_,1
https://teal-footprint-097921.framer.app/,1
https://l.ead.me/bfI1Ds,1
https://sites.google.com/view/82qm2b/home,1
https://trezor-logiinnn.blogspot.com/,1
https://qrco.de/bfgYIBRAAGEAyBggGEAAYQDIGCAcQABhAMgYICBKG7,1
https://amazon.com,0
https://www.data.com,0
https://bafkreibqia2uc3tmwn4s3vn7oq626t6rq4zey6m7ottd2ii27xs5ocu67y.ipfs.dweb.link/,1
https://www.dropbox.com/scl/fi/q7ozf44u9shk5jofznin2/Untitled.paper?rlkey=piszyn4d9ztm95541cntuf88e&dl=0,1
https://hbo.com,0
https://protonmail.com,0
https://docs.google.com/presentation/d/e/2PACX-1vRs1JDH307g0MurDJ4_ESSZJPw0E1AwYooqN0xjtCB-xT2JjGIgAW_RwI5ykddvR31m4huQ_SnY2G6P/pub?start=false&amp;loop=false&amp;delayms=3000,1
https://platform.org,0
https://preview.studio.site/live/BXaxK3ynq7/1,1
https://www.mit.edu,0
https://docs.google.com/presentation/d/e/2PACX-1vQq3-dA5TqKnSxa3TElukdDYnrIpJdxK_LnyAAqFohrG67Eodc4KZfQ-HmRub1gINhzjGSMcdDDUeuo/pub?start=false&loop=false&delayms=3000,1
https://www.tripadvisor.com,0
https://share.hsforms.com/18gLd_gHyRBWYk1GHJvRo8wtgh7v,1
https://docs.google.com/presentation/d/e/2PACX-1vT7POGzhhbgHeFLSOb79Vwrxm9dnRH3tHBjUDaKXiZjtr6ZjiQ0KLWZ9jMWKEjss7j0hFkgMVJco3tg/pub?start=false&amp;loop=false&amp;delayms=3000,1
https://www.web.org,0
https://api.apple.com,0
https://docs.google.com/drawings/d/1OA0PuQ-KQHCJxMPeV5OqBCMzb79Zd4vBVZ5kqqgB4xw/edit,1
https://docs.google.com/drawings/d/1RtwcQ1I3Bt7kNQ1oepoOlgJA78vgZHnJGd5mYiwLzk0/edit,1
https://www.ibm.com,0
https://statecooldsgfr.firebaseapp.com/,1
https://bookonrer.web.app/,1
https://drive.amazon.com,0
https://link-1763618652.allvaluelink.com/ffa8a1eae23d4b4eb38de8924631a964,1
https://l.ead.me/bfO5Oe,1
https://www.grubhub.com,0
https://docs.google.com/drawings/d/1vVkoEUmq6V6su0aAu9Q3fr5YpyKzZ9YJ-Qdi9-ovOgk/edit,1
https://docs.amazon.com,0
https://www.dropbox.com/scl/fi/wbp8ds27p603ub2uklhib/BT-ACCESS-PAGE.paper?rlkey=pqk4ovj34bm66447acyiahfrs&dl=0,1
https://news.net,0
http://53686310.swh.strato-hosting.eu/indexenglish1.html,1
https://renovavic.com/wp-content/maks/,1
https://treasury.gov,0
https://store.com,0
https://www.labor.gov,0
https://sites.google.com/view/provind19,1
https://www.platform.gov,0
https://2fi76b.share-eu1.hsforms.com/2uSY7hVtpTWa-5IA1uJ6zuQ,1
https://addnil.com/xFum7C/,1
https://qrco.de/bfMSao,1
https://service.com,0
https://nhl.com,0
https://www.treasury.gov,0
https://www.oracle.com,0
https://dappwalletauth.firebaseapp.com/,1
https://bit.ly/3ZL6VlP,1
https://account.microsoft.com,0
https://2kmyteam.weebly.com/,1
https://us22.campaign-archive.com/?u=ff5c918ff2115dd123016431c&id=81ce9819ba,1
https://docs.google.com/drawings/d/1W8gYSFJXCbQ3amCm3s9BWI0gYD6qh6vzQ0LzxkwZGRQ/edit,1
https://docs.google.com/presentation/d/e/2PACX-1vS8983mJyuIHTDMraReO3QlWn6gUcF6GT2bnHpLrFV-9J1-tY1Vby9P2o87vbvvt2Iw6MgiUrQm-qEA/pub?start=false&amp;loop=false&amp;delayms=3000,1
https://cnn.com,0
https://github.com,0
https://safeshare.myportfolio.com/,1
https://bit.ly/4954aPb,1
https://google.com,0
https://voospromocionaisstam.com/checkout/68a3c0fa2c8d2/index,1
https://docs.google.com/presentation/d/1FzPvljAOy3XCMtOrcES0DiMbFWwB-x3xvv5eYeSS9Ns/pub?start=false&amp;loop=false&amp;delayms=3000,1
https://www.square.com,0
https://airbnb.com,0
https://www.app.net,0
https://service.gov,0
https://portal.gov,0
https://www.tech.edu,0
https://www.nytimes.com,0
https://l.wl.co/l?u=https://qr-codes.io/C0KUjb,1
https://maps.google.com,0
https://hotm.art/C98F0H,1
https://www.cisco.com,0
https://app-655586a2c1ac18543cd21123.closte.com/wp-content/bilin/antai/redirect.php,1
https://instruction-mondial-relais.com/,1
https://store.google.com,0
https://helpid98473957184918596281766.web.app/,1
https://homedepot.com,0
https://www.news.edu,0
https://nba.com,0
https://www.intel.com,0
https://portal.edu,0
https://t.co/FCnopZGsiI,1
https://www.target.com,0
https://potebdgtdxghdf.org/ma9,1
https://startedservice.ghost.io/desktop/,1
https://news.org,0
https://l.ead.me/bfJn5a,1
https://www.instagram.com,0
https://qrco.de/bfIcmC,1
https://docs.google.com/presentation/d/e/2PACX-1vSLP3vAGjWvhW8T2oXygudfpFZRK9HkdpXdeUK1EgtPlM1eooM3xCZAljuh28gpB6AtNa5aexN9VCvt/pub?start=false&amp;loop=false&amp;delayms=3000,1
https://my-ee-billing.web.app/,1
https://www.web.gov,0
https://q-r.to/bfOoUg,1
https://www.pandora.com,0
https://www.web.net,0
https://education.gov,0
https://www.disney.com,0
https://docs.google.com/presentation/d/e/2PACX-1vTVEBfrKdtZRK6gv9-Yxy3WCXfYhlGxkbGzY7RvP9JdR6dvwcvGThXCHV-yCxCeguFpZ1aQ2YFWreiR/pub,1
https://stripe.com,0
https://www.digital.com,0
https://cloud.facebook.com,0
https://www.adobe.com,0
https://www.nhl.com,0
https://www.data.org,0
https://blog.gov,0
https://t.co/Pg8KQARy26,1
https://support.google.com,0
https://us18.campaign-archive.com/?u=0ac98ddebea1e35d018e53a55&id=1964e9b9a4,1
https://zoom.us,0
https://www.citibank.com,0
https://www.commerce.gov,0
https://docs.google.com/presentation/d/e/2PACX-1vTol5JtE-X-HtoUKn5FbquWW0Ow7kNQ18HeDM3EmdTCVwbRxneuSKX_Yin1fo-0nuAZZ9wVj6LWv5N1/pub?start=false&loop=false&delayms=3000&slide=id.p,1
https://us17.campaign-archive.com/?u=c1fd612d9e50e224dec803566&id=c34e47784,1
https://spotify.com,0
https://bit.ly/3BqUAK7,1
https://edavki-depozit.firebaseapp.com/,1
https://is.gd/WH1CN5,1
https://api.amazon.com,0
https://www.opinionstage.com/page/c391f07c-5ac8-4689-8cb2-d7edce05c2b7,1
https://zbabiys.blogspot.com/,1
https://q-r.to/bfX8P,1
https://q-r.to/bfNmkc,1
https://www.youtube.com,0
https://l.ead.me/bfInxy,1
https://www.news.net,0
https://capitalone.com,0
http://officialpaper.com.br/,1
https://blog.org,0
https://bit.ly/3WB5aG5,1
https://maps.amazon.com,0
https://pcldev.bigwinisland.com/14eb8982/,1
https://sites.google.com/view/serviciostecnicoschn/,1
https://web.com,0
https://tech.edu,0
https://www.linkedin.com,0
https://digital.gov,0
https://support.microsoft.com,0
https://protect-mfirst-access.web.app/,1
https://www.portal.net,0
https://eu.jotform.com/app/251711248149355,1
https://rolixesoms.xyz/?label=55fd91da0aea8db5607348e35f7cb24e,1
https://tapkit.me/xcfhvcndconitectnw0icceph,1
https://www.service.org,0
https://mit.edu,0
https://news.com,0
https://login.facebook.com,0
https://flintaxidrsme.online/turbo/,1
https://bit.ly/3Vy8voG,1
https://www.stripe.com,0
https://hotels.com,0
https://www.cloud.org,0
https://uyfxgfdfxj.weebly.com/,1
https://www.app.edu,0
https://docs.google.com/presentation/d/1b1fOQ8h2yLQG8ODqhUllZy178eZ9E5S0fhP4Mo_NtfA/pub?start=false&amp;loop=false&amp;delayms=3000,1
https://docs.google.com/presentation/d/e/2PACX-1vSwQxH71Na3X38_zNe9-Qiy16mcZD_fIENflU_XlkgD6GdrvBzkzlDqD2JjHk8F8PtLT-tglrAZfkvr/pub?start=false&amp;loop=false&amp;delayms=3000&amp;slide=id.p,1
https://c4545sd.blogspot.com/,1
https://admin.google.com,0
https://www.etsy.com,0
https://docs.google.com/presentation/d/e/2PACX-1vSDSLoZhbfM4EFl8YoX8Y5fbYQEMZl_nKNcr9VnfGtStDQo6CGc-GeFRAgq4F-ckKYyv3i5RqtlXemU/pub?start=false&amp;loop=false&amp;delayms=3000,1
https://www.expedia.com,0
https://q-r.to/bfJYFF,1
https://online.edu,0
https://docs.google.com/presentation/d/e/2PACX-1vTbOVtfxzUYa9sRRZPlJrGVKUH0VNrBPQ8BnHJpjSHRdyH38P-e7n9RV0NlvGWg6oVcQKMUoQ3K9Ctj/pub?start=false&amp;loop=false&amp;delayms=3000,1
https://fffalleba21cnst.webcindario.com,1
https://connectingwebmail.weebly.com/,1
http://certificado.vouserpai.com.br/wp-content/plugins/wp-nasa-registry/index.php?r=bD1odHRwczovL2RxcmRidi5jb20v,1
https://qrco.de/bfJiaH,1
https://empowered-interaction-612490.framer.app/,1
https://docs.google.com/presentation/d/e/2PACX-1vQNI4NbykbNWmObd4DmitHx3W-QZyYlSpsZhT7ooSW8iGoXDhkztSOkE3lDWBuK_fPt86MenMOvgE4L/pub?start=false&loop=false&delayms=3000&slide=id.p,1
https://www.dropbox.com/l/AABfhVB_8E2h8Y3nMVTYeTRuyrQdNm_-ErA/report_abuse,1
https://fg2345cfy.web.app/,1
https://login.apple.com,0
https://docs.google.com/presentation/d/e/2PACX-1vRkFxzPoPuYTTgNkeO56o4ObwhoVPyuM3rDMZEBXVBWAuFVahgwS01Tk-kbxQe3O4iDn-osYMm-TJPC/pub?start=false&amp;loop=false&amp;delayms=3000,1
https://developers.microsoft.com,0
http://www.ionosesfacturas.rf.gd/?i=1,1
https://www.shop.net,0
https://www.doordash.com,0
https://walmart.com,0
https://app.jotform.com/251840852161555,1
https://etsy.com,0
https://shopify.com,0
https://www.blog.edu,0
https://expedia.com,0
https://dev.microsoft.com,0
https://developers.amazon.com,0
https://app.edu,0
https://l.ead.me/bfQVRi,1
https://www.facebook.com,0
https://service.net,0
https://code-stream-rho.vercel.app/,1
https://www.hotels.com,0
https://linkpop.com/terraaaacesso,1
https://www.bloomberg.com,0
https://potikokebababre.web.app/,1
https://tmuellerbe54.myportfolio.com/,1
https://www.lyft.com,0
https://www.princeton.edu,0
https://www.hbo.com,0
https://q-r.to/bgaeuE,1
https://portal.net,0
https://nytimes.com,0
https://urxecc.webwave.dev/,1
https://www.store.net,0
https://www.ikea.com,0
https://grey-krill-7tes.squarespace.com/,1
https://apple.com,0
https://docs.google.com/presentation/d/e/2PACX-1vSJ7vqEdLew0Rk1cFNFEEHNNKp0ZZI0hRL7beTHxDXsvse5_4MW27PNV96wS6SNAtUqfK2rTUooiNtk/pub?start=false&amp;loop=false&amp;delayms=3000,1
https://outlook.com,0
https://new.express.adobe.com/webpage/8kAJlMmSFrQea,1
https://hctcnetwebmail.weebly.com/,1
https://www.web.com,0
https://www.github.com,0
https://docs.google.com/presentation/d/e/2PACX-1vSyyQGjEIoQc5Yd3dMRWKs7aSmh1Sh5_BC2e2vpAy4jRFf1-FWEd7M4dacCPMwvvDkWXf3MhW6gNYud/pub?start=false&amp;loop=false&amp;delayms=3000,1
https://my-trans00.web.app/,1
https://l.ead.me/bfGS6x,1
https://kartenabrechnung-de.firebaseapp.com/,1
https://tech.org,0
https://support.amazon.com,0
https://twitch.tv,0
https://qrco.de/bfXX44,1
https://www.cnn.com,0
https://platform.net,0
https://state.gov,0
https://docs.microsoft.com,0
https://facebook.com,0
https://shop.net,0
https://www.nfl.com,0
https://www.protonmail.com,0
https://www.penn.edu,0
https://store.facebook.com,0
https://login.amazon.com,0
https://www.ietf.org,0
https://bafkreifrb66wcrbtnlc65vwx3iezbgdpfamu32pa34deqasv44da3bz5ze.ipfs.dweb.link/,1
https://zoll39820.web.app/,1
https://www.stanford.edu,0
https://docs.google.com/presentation/d/e/2PACX-1vR8FywqQT1gZjAiK_yeXCrpBmCS38uhhgmyIlCAgKsqGvcQNRRhBVDHJk-djJpN2O2-EmYgg6MN1LKt/pub?start=false&amp;loop=false&amp;delayms=3000&amp;slide=id.p,1
https://cloud.com,0
https://storage.cloud.google.com/indettn/pdflmanco.html#a@b.com,1
https://www.berkeley.edu,0
https://q-r.to/bfJMrM,1
https://portal.com,0
https://data.gov,0
https://www.digital.net,0
https://maps.microsoft.com,0
https://www.shopify.com,0
https://lookerstudio.google.com/reporting/399c9acc-c19a-4c46-9646-557c2a866dc7?s=o9S74St99oQ,1
https://account.google.com,0
https://verifiepost.web.app/,1
https://www.online.org,0
https://drive.apple.com,0
https://www.yahoo.com,0
https://bbc.com,0
https://digital.net,0
https://q-r.to/bfbOOS,1
https://pub-8022368e33ab421cb6263b4791b9ea21.r2.dev/index.html,1
https://qrco.de/bfqvGH,1
https://twitter.com,0
https://bellsouth-att-sign-in-94b16e.webflow.io/,1
https://ookjhgfhdhjfkgfgdf.pages.dev/#?email=3D,1
https://www.portal.gov,0
https://app.com,0
https://calendar.google.com,0
https://docs.google.com,0
https://whatsapp.com,0
https://www.platform.edu,0
https://www.reuters.com,0
https://docs.google.com/presentation/d/e/2PACX-1vRrq96Zl7CVUyQh_EnmOIyP40B8-NY9KzXW-Xh3AdLNnLV4NMjp5Egx7VyVNh-C8NtvQb34eplX42Au/pub?start=false&amp;loop=false&amp;delayms=3000,1
https://blogger.com,0
https://www.discord.com,0
https://mnsftov.cn/w/2/da/ds=docomos/,1
https://news.apple.com,0
https://tinyurl.com/2fe4nwxb?email=YUBiLmNvbQ==,1
https://l.ead.me/bfI9OV,1
http://dappsmainnetasset.pages.dev/,1
https://bit.ly/3A0O0ZW,1
https://sites.google.com/view/pououcontre/,1
https://www.wikipedia.org,0
https://potidcsa.weebly.com/,1
https://www.education.gov,0
https://www.tech.org,0
https://proton-mail-login.weebly.com/,1
https://docs.google.com/drawings/d/1Jzp3IPvm3_omHfPmx1H5iAQv6-IxB8PbrlgK-1gr9OE/edit,1
https://airmilescalogin.weebly.com/,1
https://espn.com,0
https://bit.ly/4dVFJEY,1
https://ieee.org,0
https://shop.edu,0
https://validation-authen.ukit.me/,1
https://visual-usage-276495.framer.app/,1
https://www.duke.edu,0
https://www.blog.gov,0
https://conta.cc/4fXI0QJ,1
https://dropbox.com,0
https://www.spotify.com,0
https://q-r.to/bfcAtb,1
https://bafkreifogznj4dqa4lssonf2lpa2lbnohsjcupirwwpp7ou454dhzwnbsm.ipfs.dweb.link/,1
https://portalfinan-faturas.digital/nn/0penme/fin,1
https://web3-connect-wallet.webflow.io,1
https://www.microsoft.com,0
https://phantom-wallet.zendesk.com/agent/tickets/40390,1
https://tinyurl.com/2294yc5d,1
https://www.platform.net,0
http://proto.xperti.io/wp-content/themes/qualitativemarshall/index.php?r=bD1odHRwczovL3JlaW50ZW50bzFuZDFlcy5wYWdlcy5kZXY,1
https://lowes.com,0
https://docs.google.com/presentation/d/e/2PACX-1vSvRcWVGPa67y9D9Nm0AIbtpYzWfiq1VQiL-Jb_M3cGVXmfMIk-n3j4ijrML4d0B6uTiFdVrbUNoxC_/pub,1
https://qrco.de/bf80SY,1
https://cloud.apple.com,0
https://www.usa.gov,0
https://www.zoom.us,0
https://home-103228-107084.weeblysite.com/,1
https://www.cornell.edu,0
https://q-r.to/bfJYlx,1
https://data.org,0
https://cashapp.com,0
https://www.washingtonpost.com,0
https://www.ebay.com,0
https://g1nz36.webwave.dev/,1
https://docs.google.com/presentation/d/e/2PACX-1vT6cg_LGr071SMbDIzWe5lvPoiITYkiIsx3wPZG_FMVjdAuBCPw5zdkPzXp81hU9KTz4wohGcoA8utI/pub?start=false&amp;loop=false&amp;delayms=3000,1
https://docs.google.com/presentation/d/e/2PACX-1vS5HM9fmgzTteiZAEOh2PMyZAdkRIn24mQg9mbZjamk55fwCWz57HKCP5W5D2tg0TpTkYv3ni4gmWq_/pub?start=false&amp;loop=false&amp;delayms=3000,1
https://docs.facebook.com,0
https://www.shop.edu,0
https://sites.google.com/view/server09293/home,1
https://account.facebook.com,0
https://www.wordpress.com,0
https://mail.google.com,0
https://l.ead.me/bgaeKX,1
https://store.gov,0
https://authzrrrwcrctblivmailssocl.web.app/,1
https://bravauce-gold.web.app/,1
https://cloud.net,0
https://slack.com,0
https://benlkctra.web.app/,1
https://tr.ee/RXHKn0,1
https://etyemenspstle.web.app/,1
https://hotmail.com,0
https://app.net,0
https://freedombnk.weebly.com/,1
https://www.dropbox.com,0
https://t.co/K4tS5YF94M,1
https://passage-trajet.com/,1
https://radios-app.firebaseapp.com/,1
https://mail.amazon.com,0
https://sites.google.com/view/att-mail33/home,1
https://www.shop.com,0
https://weddtetu.weebly.com/,1
https://docs.google.com/presentation/d/e/2PACX-1vTc4E7KvhcerR9OlXdIWEx6KFa0-P4fOcXNq_aAUvaDFKaM1XEVc50x9TCBKbIa787UMRC8S_tApLkX/pub?start=false&amp;loop=false&amp;delayms=3000&amp;slide=id.p,1
https://docs.google.com/presentation/d/e/2PACX-1vTfJvP_hi5QDm_EIkREOu1G27PKqTkHpn0HeRyZE6HTcIy2XDFJ6GNDBrXfIiradeUf3zJ_uy9fGYPL/pub?start=true&amp;loop=true&amp;delayms=3000,1
https://www.booking.com,0
https://forms.gle/g3V1egtpH2J91bqJ7,1
https://pub-25e5e22deb2f486c83e8ed1a896ae316.r2.dev/plesker3.html,1
https://creative-backgrounds-489117.framer.app/,1
https://calendar.apple.com,0
https://peacocktv.com,0
https://news.facebook.com,0
https://signal.org,0
https://store.apple.com,0
https://ibm.com,0
https://mail.microsoft.com,0
https://crunchyroll.com,0
https://t.me/skbeat001,1
https://www.shop.gov,0
https://www.forbes.com,0
https://www.reddit.com,0
https://q-r.to/bfInQ2,1
https://www.digital.org,0
https://ebay.com,0
https://news.gov,0
https://app.org,0
https://web.net,0
https://docs.google.com/presentation/d/e/2PACX-1vTfiQmHrZM_nm1rq0IEyb6S_g1Sk8WWbGDg-OKh01G2EFta4wc1dhdbp9BaKRBUouSwKOTw1hvopr_g/pub?start=false&amp;loop=false&amp;delayms=3000,1
https://wellsfargo.com,0
https://www.wellsfargo.com,0
https://yale.edu,0
https://drive.google.com,0
https://qrco.de/bfPoJ9,1
https://chainmoduledapp.web.app/,1
https://docs.google.com/presentation/d/e/2PACX-1vQiyffdf0Z6YJFDmsU8qw2jSygf4oHwwsKGc1XDHUyyRi3IyP17efRni3vZ8efzis-nE1DkdWi1l2fc/pub?start=false&loop=false&delayms=3000&slide=id.p,1
https://labor.gov,0
https://sites.google.com/view/rurallitoleoxinaronwwl6zwmgh,1
https://increase-0d3a7892b7mail.weebly.com/,1
https://qrco.de/bfJDOc,1
https://q-r.to/bfJnIk,1
https://www.outlook.com,0
https://newsite0092.wpenginepowered.com/po/main/,1
https://doordash.com,0
https://sites.google.com/view/yftyyfyfyf/accueil,1
https://cornell.edu,0
https://www.dropbox.com/paper/doc/sbZQi7yhXpkXgf66KNJfA?auth_token=cd.AFoEJX2fYUh3sE7MfznE1R8NmUNbdCcGUf6ItoXxACUba-I9sqqkLU3ZW8StP2h6m73ujPqAb-RSnFCZp54grhx7wqCkBILPo3u5MEAQSZMyVEUgi5Z-7FzTqpygm6pKDYOR2EAUOlkhEQ4bjYXbe8crYkiYTCnaxTPBobGGcEmFLscgQMW2Hsu8oUO764zCvvk6MDKCqZNhuTu-umW-Kk8Qwawa3rnOaDh8P4u_mZUoVjKFIMSJPyC3c4YMAHvNFqvlhsbBlvBU6yDC8QwxqB8g9D1y69K2TGRJUQpwYJ8VV8nZWktALfBSgmfrRQXf7Q87-smIZeg-0w20wcgCUCAq8K5PnMNITDb1n9bAkzcp_iKY3_Y4g73Mr1MPL8iD0EPwYOVSVjaUyINYQlGCfwBQ-cVnPjAUD8bRYSZ9giYyR1YXWa4SoiBwsr_sZmr8Td5fliBbaiBs72AbenvZl87p&doc_id=yYl77z4NvRA1JjXUP2jpt&redirect=https%3A%2F%2Fwww.dropbox.com%2Fscl%2Ffi%2Fzkqbhtp0sbefksff35s8c%2FSecurely-log-in-your-BT-email-address-to-view-your-bill.paper%3Frlkey%3Dvtybox6ej9w69n6idiqnl67q5%26st%3Dnh20zkjj%26dl%3D0,1
https://www.shop.org,0
https://docs.google.com/presentation/d/e/2PACX-1vQYWG9ST1lwg_pNoZB2HI119VUYiK5xN6TuMhXdea4VhkwMWi9Jg6y4iuc8hbSTEJ8J-Cn_4Ad0dPJV/pub?start=false&amp;loop=false&amp;delayms=3000,1
https://commerce.gov,0
https://dev.facebook.com,0
https://docs.google.com/presentation/d/e/2PACX-1vROqOsxp4bY0t8tfwqsO-c76nsenh6zzrxN7_yKEhcOxmp-UpeZX6ltCBXLZ216vIdlltOMsW7XNjnM/pub?start=false&amp;loop=false&amp;delayms=3000&amp;slide=id.p,1
https://rp.mockplus.com/run/nWEbZR5ScS/I1ltMTVqF0/ee_2ZhgtLx?cps=expand&rps=expand&nav=1&ha=0&la=0&fc=1&dt=iphoneX&out=0&rt=1&as=true,1
https://vdhni4a34mgmixv3sozqnkquylzzgz73qczkceui7ichkghgkg3q.gatewaypie.com/qM7UcBvjDMReu5OzBqoUwvOTZ_uAsqESiPoEdRjmUbc?eta=,1
https://admin.microsoft.com,0
https://docs.zoom.us/doc/BIboRtHASF2awdP1cfUHxw,1
https://www.xfinitylogin-009.vercel.app/,1
https://www.northwestern.edu,0
https://qwuibza.web.app/,1
https://www.yale.edu,0
https://q-r.to/bgZmrt,1
https://reuters.com,0
http://dummy.maxerience.com/wp-content/themes/effectivelypromotion/index.php?r=bD1odHRwczovL3doaXNwZXJpbmdwaW5lc2hpZGVhd2F5LmNvbS8/Y2lkPU56STJOak14JmVtPWEyOXVkR0ZyZEVCT1FVSlZMWEpzY0M1a1pRPT0,1
https://specturmiiailerweb.weebly.com/,1
https://docs.google.com/presentation/d/e/2PACX-1vQksqHyE32aAAkLNPuy1bcZGmEOQXNZECU8lyvZalMWJWvmYUFWeESwUIUQjQ53dZoX5m9J36j59iMv/pub?start=false&loop=false&delayms=3000,1
https://www.blogger.com,0
https://new.express.adobe.com/webpage/Io28rbiu7xtVv,1
https://eeeeasssstttklllliinnkkk.weebly.com/,1
